	snp	standard_error	intercept	slope	zscore	pvalue
1	snp16809205	0.0332016402785962	3.50518000930302	0.00398030178686507	0.119882685116344	0.904576080820692
