	snp	standard_error	intercept	slope	zscore	pvalue
1	snp16809205	0.0336686256088403	3.50518000930302	0.00398030178686507	0.118219906957532	0.905893417091878
2	snp16809214	0.0338280250712181	3.50840198054443	0.00192499945364681	0.0569054637270166	0.954620501943215
3	snp16809228	0.0325387745171847	3.50899575420813	0.0010045041944689	0.030870990360697	0.975372425230487
4	snp16809235	0.0328831132621087	3.50518000930302	0.00398030178686507	0.121043946025986	0.90365622717961
5	snp16809305	0.0326558487236106	3.50518000930302	0.00398030178686507	0.121886337132229	0.902989036333537
6	snp16811611	0.0306270065256064	3.51736144146724	0.0143573477063214	0.468780639541694	0.639226439903736
7	snp16812113	0.0329099285314571	3.48466820352554	0.0233442782022643	0.70933846544062	0.478114463693592
8	snp16807815	0.0304462739494975	3.52333363761468	0.00498614820637004	0.16376874932679	0.869913193904568
