	snp	standard_error	intercept	slope	zscore	pvalue
1	snp16809205	0.0670071958085619	3.42084338005061	-0.0038208157868075	-0.0570209772353926	0.954528484908365
2	snp16809214	0.069202148732444	3.42047375810012	-0.00358567873325695	-0.0518145577693006	0.958676455711053
3	snp16809228	0.0667752414616909	3.42045135938731	-0.00355095521787211	-0.0531777218643125	0.957590305871513
4	snp16809235	0.0673115066158078	3.42084338005061	-0.0038208157868075	-0.0567631892213537	0.954733837381984
5	snp16809305	0.0672460353499837	3.42084338005061	-0.0038208157868075	-0.0568184543062199	0.954689813274515
6	snp16811611	0.0623890413964981	3.40550267443832	-0.0053073889059132	-0.0850692491359726	0.932206337297076
7	snp16812113	0.0673134770441066	3.42679968258965	-0.0100612224390377	-0.149468173103659	0.881184221412805
8	snp16807815	0.0614632753120397	3.40329991498532	-0.00192814895000541	-0.0313707484707981	0.974973869003735
