	index	snp	intercept	slope	standard_error	p	chr	start	group_p_val
1	1	snp20717772	0.413650740349705	-0.0148840243231955	0.00177419783885691	4.8964020372923e-17	10	14970715	0
2	1	snp20717781	0.413265738241918	-0.0146780795377916	0.0021817069227853	1.72251948981292e-11	10	14971128	0
