	snp	standard_error	intercept	slope	zscore	pvalue
1	snp16809205	0.201507880574775	3.56196557265517	-0.0162352821729699	-0.0805689689488116	0.93578474514234
2	snp16809214	0.203470391482811	3.56198511162907	-0.0167324649161791	-0.0822353797731433	0.93445953972152
3	snp16809228	0.206873741233037	3.56158486872017	-0.0161252642406499	-0.0779473709158924	0.937869917468151
4	snp16809235	0.203698261145697	3.56196557265517	-0.0162352821729699	-0.079702605617028	0.936473787066065
5	snp16809305	0.205392941293255	3.56196557265517	-0.0162352821729699	-0.0790449860192108	0.936996841309723
6	snp16811611	0.195823614493798	3.53584377729219	-0.00243715854075876	-0.0124456825447676	0.990070038399795
7	snp16812113	0.199441293090875	3.55455329432034	-0.0127385847303566	-0.0638713504758128	0.949072664693029
8	snp16807815	0.197322734672685	3.5325672719045	0.000429835075704316	0.00217833528618645	0.998261941281457
