	index	snp	intercept	slope	standard_error	p	chr	start	group_p_val
1	91	snp16814629	3.48554931591195	0.0452157223455176	0.00616263026418056	2.1830120193454e-13	7	142494606	2.1830120193454e-13
