	snp	standard_error	intercept	slope	zscore	pvalue
1	snp16809205	0.0137655395886625	3.61011840842001	0.0252606998136759	1.83506789915312	0.0664956295549642
2	snp16809214	0.0137655395886625	3.60800030213221	0.027470536370801	1.99560185736753	0.045977277201892
