	index	snp	intercept	slope	standard_error	p	chr	start	group_p_val
1	1	snp20717772	3.79896592373999	-0.0896364798460996	0.0134399565039952	2.56846903110121e-11	10	14970715	0
2	1	snp20717781	3.79842587168696	-0.0894266975979863	0.00393898879094782	4.18844377163182e-114	10	14971128	0
