	index	snp	standard_error	intercept	slope	zscore	p	chr	start	phil_pval	end
1	1	snp20717772	3.79896592373999	-0.0896364798460996	0.00988967397574895	1.26164188902505e-19	10	v_trim_OF	14970715	1e-27	14970715
