	snp	intercept	slope	standard_error	pvalue
1	snp16814552	3.63040488428193	0.0135862302645187	0.00936141113087749	0.146695916427046
2	snp20717772	3.79896592373999	-0.0896364798460996	0.00988967397574895	1.26164188902505e-19
