	snp	standard_error	intercept	slope	zscore	pvalue
1	snp16809205	0.000626958589523543	3.61011840842001	0.0252606998136759	40.2908584965281	0
2	snp16809214	0.000706287642585052	3.60800030213221	0.027470536370801	38.8942616499098	0
3	snp16809228	0.00356445233944596	3.60835485385365	0.0269209051213595	7.55260627935454	4.26633243104531e-14
4	snp16809235	0.000713888064076572	3.61011840842001	0.0252606998136759	35.384678754016	2.93792296425963e-274
5	snp16809305	0.000762292438371261	3.61011840842001	0.0252606998136759	33.137807148722	8.48670920995224e-241
6	snp16811611	0.000403041776801608	3.62976475293234	0.0207982688479064	51.6032581360519	0
7	snp16812113	0.000723691144940017	3.60900725838099	0.0307381970093806	42.4741925119567	0
8	snp16807815	0.00345462273193452	3.66162113064761	-0.00583904762703556	-1.69021281920582	0.0909872467576533
