	snp	standard_error	intercept	slope	nonNA_snp_observation_count	zscore	pvalue
1	snp4	NA	3.62777401122224	NA	5238	NA	NA
2	snp5	NA	3.62777401122224	NA	5238	NA	NA
3	snp8	NA	3.62777401122224	NA	5238	NA	NA
4	snp15	NA	3.62665840638324	NA	5107	NA	NA
5	snp38	0.088856335618556	3.78977264766934	-0.081992044191434	5238	-0.922748430043423	0.260625474507494
6	snp39	NA	3.62777401122224	NA	5238	NA	NA
7	snp46	NA	3.62490885782971	NA	4978	NA	NA
8	snp48	NA	3.62777401122224	NA	5238	NA	NA
9	snp50	0.0813613530811801	3.54983360073917	0.0394826385770661	5238	0.485275097842479	0.354628508093898
10	snp53	NA	3.62777401122224	NA	5238	NA	NA
11	snp55	0.0809529172822578	3.54983360073917	0.0394826385770661	5238	0.487723480543664	0.354206348628573
12	snp56	0.0810105903799832	3.54983360073917	0.0394826385770661	5238	0.48737626021328	0.354266316314882
13	snp58	NA	3.62777401122224	NA	5238	NA	NA
14	snp61	NA	3.62777401122224	NA	5238	NA	NA
15	snp62	NA	3.62777401122224	NA	5238	NA	NA
16	snp64	0.108575550851084	4.01405133848671	-0.179324541763461	33221	-1.65161070202087	0.101993367867406
17	snp65	0.108201979901751	4.01405133848671	-0.179324541763461	33221	-1.65731294312997	0.101035672751763
18	snp66	0.108269679700855	4.01405133848671	-0.179324541763461	33221	-1.65627664419926	0.101209293406538
19	snp67	0.108326611602492	4.01405133848671	-0.179324541763461	33221	-1.65540617499879	0.101355277509677
20	snp72	NA	3.62777401122224	NA	5238	NA	NA
21	snp73	NA	3.62777401122224	NA	5238	NA	NA
22	snp90	NA	3.62777401122224	NA	5238	NA	NA
23	snp91	NA	3.6286959891173	NA	5106	NA	NA
24	snp96	NA	3.64241210911916	NA	17651	NA	NA
25	snp97	NA	3.62777401122224	NA	5238	NA	NA
