	snp	standard_error	intercept	slope	nonNA_snp_observation_count	zscore	pvalue
1	snp4	NA	3.13755126014902	NA	5256	NA	NA
2	snp5	NA	3.13755126014902	NA	5256	NA	NA
3	snp8	NA	3.13755126014902	NA	5256	NA	NA
4	snp15	NA	3.13768062012136	NA	5127	NA	NA
5	snp38	0.0981306786880776	3.23639091403881	-0.0500309239348278	5256	-0.509839783069861	0.350320497834487
6	snp39	NA	3.13755126014902	NA	5256	NA	NA
7	snp46	NA	3.13630247863091	NA	4998	NA	NA
8	snp48	NA	3.13755126014902	NA	5256	NA	NA
9	snp50	0.0953190872308301	2.96339444809811	0.0881380616270173	5256	0.9246632986904	0.260164894031696
10	snp53	NA	3.13755126014902	NA	5256	NA	NA
11	snp55	0.0951582465207349	2.96339444809811	0.0881380616270173	5256	0.926226205816141	0.259788867645019
12	snp56	0.0953967438813913	2.96339444809811	0.0881380616270173	5256	0.923910586891741	0.260345959368956
13	snp58	NA	3.13755126014902	NA	5256	NA	NA
14	snp61	NA	3.13755126014902	NA	5256	NA	NA
15	snp62	NA	3.13755126014902	NA	5256	NA	NA
16	snp64	0.0937999647468388	3.3695641239502	-0.105571926101606	33218	-1.12550070126933	0.211757305070394
17	snp65	0.0937704610834818	3.3695641239502	-0.105571926101606	33218	-1.12585482551501	0.211672909123076
18	snp66	0.0939660762375828	3.3695641239502	-0.105571926101606	33218	-1.12351106195686	0.212231613030576
19	snp67	0.0945278180504301	3.3695641239502	-0.105571926101606	33218	-1.1168344755962	0.213824828805465
20	snp72	NA	3.13755126014902	NA	5256	NA	NA
21	snp73	NA	3.13755126014902	NA	5256	NA	NA
22	snp90	NA	3.13755126014902	NA	5256	NA	NA
23	snp91	NA	3.13994564216943	NA	5122	NA	NA
24	snp96	NA	3.1515593141773	NA	17700	NA	NA
25	snp97	NA	3.13755126014902	NA	5256	NA	NA
