	snp	standard_error	intercept	slope	zscore	pvalue
1	snp16809205	0.031348986712204	4.05181984573609	0.00445684249165451	0.142168629964665	0.886946809726595
2	snp16809214	0.0310281847154013	4.05214648416062	0.00322837525819477	0.104046539873547	0.917132415489763
3	snp16809228	0.0312170742465615	4.05076000898434	0.00533178307262341	0.170797014176006	0.864383376919962
4	snp16809235	0.031403434785668	4.05181984573609	0.00445684249165451	0.141922134380298	0.887141510576891
5	snp16809305	0.0322506743081674	4.05181984573609	0.00445684249165451	0.138193776944559	0.890087273188712
6	snp16811611	0.0304099813723634	4.05631749329696	-0.00288891449905167	-0.0949988907812063	0.92431570796557
7	snp16812113	0.0320395453276886	4.05863359925285	-0.000902354558438993	-0.0281637753972488	0.977531528801194
8	snp16807815	0.0304531160487392	4.07002848670336	-0.00954773810191006	-0.313522533675346	0.753883703642937
