	snp	standard_error	intercept	slope	zscore	pvalue
1	snp16809205	0.0152516321503149	3.97914008657845	0.0129298087813822	0.847765580362183	0.396568535429184
2	snp16809214	0.0153866930312461	3.98020326558146	0.0121291973835071	0.788291373518406	0.430526292382172
3	snp16809228	0.0153586119519389	3.98007630473533	0.0123260139387941	0.802547390178577	0.422236386799261
4	snp16809235	0.0152405243970494	3.97914008657845	0.0129298087813822	0.848383457454091	0.396224452395461
5	snp16809305	0.0150034372731033	3.97914008657845	0.0129298087813822	0.861789771638629	0.388803214476106
6	snp16811611	0.0146069248313436	3.98245943524661	0.00567370676472766	0.388425820645903	0.697700939212215
7	snp16812113	0.0151560997425522	3.98359903229806	0.0108053082100312	0.712934619959929	0.475886215139143
8	snp16807815	0.0149428469472509	4.0083583682996	-0.0113852121787929	-0.761917204866207	0.446109420813507
