	snp	standard_error	intercept	slope	zscore	pvalue
1	snp16809205	0.0809608212779441	3.51300930794255	0.00782432746786576	0.0966433806421541	0.923009604942886
2	snp16809214	0.0814462078931332	3.51535923568119	0.00649114659608611	0.0796985736230131	0.936476993930351
3	snp16809228	0.0817168035085196	3.51590600190589	0.0056616582688418	0.0692838929786519	0.944763646467468
4	snp16809235	0.082065177700746	3.51300930794255	0.00782432746786576	0.0953428443961639	0.92404251272582
5	snp16809305	0.0819407751808717	3.51300930794255	0.00782432746786576	0.0954875939432445	0.923927543832152
6	snp16811611	0.0790469828867733	3.51795696030069	0.0157800520832966	0.19962877148518	0.84177092429039
7	snp16812113	0.0828364841210584	3.49811084730016	0.0219566508842278	0.265060149729919	0.790963125540005
8	snp16807815	0.0789421180420134	3.53477717365532	-0.000207104518034735	-0.00262349837034412	0.997906753556224
