	snp	standard_error	intercept	slope	zscore	pvalue
1	snp16809205	0.0823479619543247	3.51300930794255	0.00782432746786576	0.0950154355028922	0.924302566630828
