	snp	standard_error	intercept	slope	zscore	pvalue
1	snp16809205	0.00155833982731012	3.14064884729346	0.00838498461089915	5.38071636491037	7.41900094748771e-08
2	snp16809214	0.00876226767366992	3.13846151962167	0.0106022197806374	1.20998583648573	0.226284327762602
3	snp16809228	0.00896802168083568	3.13903039106912	0.00973919051878168	1.0859909649409	0.277482989580955
4	snp16809235	0.00159837248552331	3.14064884729346	0.00838498461089915	5.24595154561478	1.55477763797272e-07
5	snp16809305	0.00168733667750361	3.14064884729346	0.00838498461089915	4.96936072254687	6.71740008898235e-07
6	snp16811611	0.00894834916842774	3.15633606137628	-1.00527428601088e-05	-0.0011234187078414	0.999103641746241
7	snp16812113	0.00879216433707582	3.14222208841704	0.00897178612209406	1.0204297574672	0.307524686963206
8	snp16807815	0.00886202408678946	3.15490870592764	0.000824772830496779	0.0930682226113852	0.925849362517854
