	snp	intercept	slope	standard_error	pvalue
1	snp16814552	3.12670934951985	0.028390659928418	0.00902330970517903	0.00165311423112441
2	snp20717772	3.24396780385105	-0.0529135341555017	0.00689138082736018	1.61315007584617e-14
