	snp	standard_error	intercept	slope	zscore	pvalue
1	snp16809205	0.0137655395886625	3.14064884729346	0.00838498461089915	0.609128654702731	0.542439165626172
2	snp16809214	0.0137655395886625	3.13846151962167	0.0106022197806374	0.77020008640777	0.441181212670455
